Destination,District,Best_Season,Main_Activity,Budget_Level,Suitable_For,Popularity,Entry_Fee,Climate,Accessibility
Nine Arches Bridge,Badulla,Jan,Sightseeing,Medium,Couples,High,No,Mild,Good
Ella Rock,Badulla,Feb,Hiking,Medium,Backpackers,Medium,No,Mild,Moderate
Ceylon Tea Trails (Hatton),Nuwara Eliya,Mar,Relaxation,High,Couples,Medium,Yes,Cool,Good
Kitulgala,Kegalle,Apr,Rafting,Medium,Youth,Medium,Yes,Wet,Good
Pidurangala Rock,Matale,May,Hiking,Low,Backpackers,Medium,Yes,Dry,Moderate
Madu River Safari,Galle,Jun,Boating,Low,Families,Medium,Yes,Warm,Good
Adam's Peak,Nuwara Eliya,Jan,Climbing,Low,Pilgrims,High,No,Cool,Moderate
Yala National Park,Hambantota,Feb,Safari,Medium,Families,Very High,Yes,Hot,Good
Knuckles Mountain Range,Kandy,Mar,Trekking,Low,Backpackers,Medium,No,Cool,Moderate
Wilpattu National Park,Puttalam,Apr,Safari,Medium,Families,Medium,Yes,Dry,Moderate
Ravana Falls,Badulla,May,Sightseeing,Low,All,Medium,No,Mild,Good
Horton Plains,Nuwara Eliya,Jun,Hiking,Medium,Families,High,Yes,Cool,Moderate
Minneriya National Park,Polonnaruwa,Jul,Safari,Medium,Families,High,Yes,Dry,Good
Udawalawe National Park,Ratnapura,Aug,Safari,Medium,Families,High,Yes,Dry,Good
Sinharaja Rainforest,Ratnapura,Sep,Trekking,Low,Nature Lovers,Medium,Yes,Wet,Moderate
Arugam Bay,Ampara,Jul,Surfing,Low,Youth,High,No,Hot,Good
Pasikudah,Batticaloa,Aug,Swimming,Medium,Families,Medium,No,Hot,Moderate
Hikkaduwa,Galle,Jan,Snorkeling,Low,Youth,High,No,Warm,Good
Unawatuna,Galle,Feb,Swimming,Low,Couples,High,No,Warm,Good
Nilaveli Beach,Trincomalee,Mar,Swimming,Low,Families,Medium,No,Hot,Moderate
Mirissa,Matara,Dec,Whale Watching,Medium,Families,High,Yes,Warm,Good
Weligama,Matara,Dec,Surfing,Low,Youth,High,No,Warm,Good
Ambuluwawa Tower,Gampola,Jan,Climbing,Low,All,Medium,Yes,Cool,Moderate
Galle Fort,Galle,Feb,Sightseeing,Medium,Couples,Very High,No,Warm,Good
Sigiriya,Matale,Mar,Climbing,High,All,Very High,Yes,Dry,Good
Anuradhapura,Anuradhapura,Apr,Temple Visit,Low,Families,High,Yes,Dry,Good
Polonnaruwa,Polonnaruwa,May,Sightseeing,Low,All,High,Yes,Dry,Moderate
Dambulla Cave Temple,Matale,Jun,Temple Visit,Low,Families,High,Yes,Dry,Good
Temple of the Tooth Relic,Kandy,Jul,Temple Visit,Low,All,Very High,Yes,Cool,Good
